{
  "test": {
    "yolov10_avg": 0.7666666666666667,
    "faster_rcnn_avg": 6.333333333333333,
    "yolo_counts": [
      1,
      2,
      2,
      0,
      1,
      1,
      0,
      1,
      1,
      1,
      2,
      1,
      0,
      1,
      0,
      1,
      0,
      2,
      1,
      0,
      0,
      0,
      0,
      0,
      0,
      1,
      2,
      0,
      0,
      0,
      0,
      0,
      0,
      0,
      0,
      1,
      0,
      0,
      0,
      1,
      0,
      0,
      0,
      0,
      0,
      1,
      0,
      1,
      7,
      5,
      6,
      2,
      0,
      0,
      0,
      0,
      0,
      1,
      0,
      0
    ],
    "rcnn_counts": [
      8,
      11,
      10,
      12,
      2,
      3,
      1,
      1,
      3,
      2,
      6,
      20,
      22,
      8,
      6,
      4,
      2,
      4,
      5,
      0,
      0,
      18,
      0,
      1,
      0,
      1,
      42,
      34,
      3,
      5,
      5,
      4,
      1,
      1,
      2,
      2,
      2,
      1,
      0,
      1,
      1,
      1,
      0,
      2,
      3,
      5,
      2,
      3,
      8,
      7,
      10,
      8,
      5,
      10,
      7,
      47,
      4,
      2,
      2,
      0
    ]
  }
}